id;name;surname;email;phonenumber;address
1;reciprocal withdrawal;synthesize compressing;"0mz%@1RT.SwNVQs";"359257 5098";online Account global
2;Account superstructure Security;Maine Legacy e-markets;"JPJHb_@s.qfHIKT";"44847429 96";Response approach hub
3;regional;Grocery;"-8K@Oo.FZdyup";"93-32260112";client-driven
4;distributed Avon reboot;withdrawal Wooden;"_X265m@Gyq-.C.fGgwh";"60769483 88";array technologies
5;expedite Bedfordshire Director;gold Japan;"3@7.JoVhWTJ";"7678-97-6331";synthesize
6;revolutionary bus;drive;"muIj@Yqka.bJuffX";"56714471-45";revolutionize Granite
7;Colon Mouse;Carolina Junctions;"u@RaF.TVLuy";"63810485-57";Regional Computers
8;interface Liaison;Venezuela;"9S2BjS@n.NxxUueL";"53-81-79 33 90";Licensed Frozen
9;optimize Maine Awesome;hierarchy Honduras Practical;"cdmK@rnaj4.WD";"6124 34-63-28";JSON
10;Borders;haptic Infrastructure;"+y--O@KlXi.Fx";"715017-65 43";Checking Home
