id;creation_date;delivery_date;status
1;back-end PCI;calculating;Administrator Vermont Total
2;Loan deposit feed;Refined Organic;Bedfordshire cohesive Sausages
3;Incredible Markets customized;Rubber;calculate Frozen
4;payment mobile Vietnam;Optimized Rupiah mindshare;Tennessee
5;Berkshire technologies;Chicken Plastic EXE;yellow magenta Arizona
6;Virginia encompassing;Berkshire Forward Montana;Wooden
7;Outdoors methodologies convergence;virtual ivory monetize;deposit
8;microchip Macao;Borders leading-edge;quantify red cross-platform
9;Producer ADP;Ergonomic non-volatile Lithuania;Future Planner
10;Account;input;SMS Michigan core
