id;name;surname;email;phonenumber;vehicle_type;command_state
1;Reduced Jersey;index Cambridgeshire Borders;"1sANq2@P1nHR.qkB";"0387 84 3569";cross-platform;web-enabled
2;Bahamas Steel;Tactics;"EyVt@28EDg.YGxIuRo";"73 405180 48";Steel Texas solid;engage EXE
3;deposit leading-edge;parallelism quantifying;"J@S-8.atSnN";"1965-25 04-42";Open-source Web Track;moderator
4;digital Program green;quantify Table Port;"X5@d36W.QuJC";"57292643 35";orchid functionalities experiences;web-readiness generate
5;Account;niches hacking;"1K6wgA@gE.uyr";"911790-3413";Clothing;Hat Cuban action-items
6;Public-key;Frozen Generic Uruguay;"+G3I@wz.Mo";"516998 6237";Salad;Concrete
7;Bedfordshire;Oregon;"%iL@heiZ.|JQz";"53 25 373602";GB;Zambian virtual
8;transmitter;mindshare frame Corner;"EtUXe@xxC0Z.OkSIPx";"66-14 14-2976";Dominican;Jewelery contextually-based interfaces
9;Implemented Berkshire;ADP Fresh;"s@pPa6j.KsWjVsl";"316860-3182";programming Spring;compressing synergize
10;invoice Plastic strategic;Concrete Savings;"-a%M@H0.bTwuD";"8052-219744";Infrastructure Taiwan 24/7;leverage
